client_id,client_name,dob,adviser_id,onboarded_date,full_address,email
C00001,Poppy Taylor,1959-03-08,ADV059,2020-10-04,"74 Station Rd, Glasgow, NE1 5AA",trkvchq@example.com
C00002,Grace Harris,1950-05-28,ADV051,2020-07-10,"141 Main St, Leeds, G1 2AA",zqrukyt@example.com
C00003,Mia Young,1992-08-05,ADV049,2020-09-26,"139 North Rd, Manchester, M1 4AA",ikujewn@example.com
C00004,Chris Brown,1970-09-26,ADV015,2024-01-28,"193 Station Rd, Leeds, G1 1AA",nrxdibk@example.com
C00005,Thea Robinson,1990-03-21,ADV048,2022-03-27,"174 Main St, Manchester, NE1 5AA",nwrpkoh@example.com
C00006,Oscar Young,1983-07-18,ADV014,2025-12-26,"151 High St, Manchester, M1 9AA",vuvdrtn@example.com
C00007,Oliver Williams,1953-08-15,ADV020,2020-09-27,"23 North Rd, Leeds, SR1 4AA",xxtvqwd@example.com
C00008,Cameron Brown,1976-05-07,ADV042,2024-04-21,"102 North Rd, Glasgow, LS1 9AA",ssphbpv@example.com
C00009,Charlie Bailey,1970-11-23,,2021-03-14,"83 Main St, Glasgow, G1 4AA",hffcrzu@example.com
C00010,Grace Young,1960-09-11,ADV025,2022-10-06,"49 Station Rd, Newcastle, SR1 3AA",jsbviaq@example.com
C00011,Ava King,1954-07-10,ADV004,2022-04-22,"180 Church St, Leeds, G1 6AA",dhbloub@example.com
C00012,Jordan Thompson,1967-01-03,ADV008,2022-04-12,"104 North Rd, Newcastle, NE1 1AA",vcfqiio@example.com
C00013,Max Harris,2003-11-15,ADV050,2021-04-03,"127 Church St, Sunderland, LS1 8AA",fufvvna@example.com
C00014,Cameron Cook,2002-04-28,ADV043,2020-05-18,"21 Station Rd, Leeds, G1 1AA",uanlbqs@example.com
C00015,Luca Smith,1967-06-03,ADV033,2020-05-21,"89 Church St, Glasgow, G1 1AA",pknpfwz@example.com
C00016,Max Green,1956-09-27,ADV034,2020-12-24,"25 High St, Newcastle, G1 8AA",uyizbmd@example.com
C00017,Jamie Cook,1983-05-25,ADV012,2023-03-23,"151 North Rd, Newcastle, LS1 5AA",lrsliek@example.com
C00018,Grace King,1995-12-30,ADV028,2025-05-08,"110 High St, Manchester, G1 3AA",hftnlfs@example.com
C00019,Mia Wilson,1965-12-12,ADV005,2021-02-13,"66 High St, Leeds, NE1 3AA",fgoszty@example.com
C00020,George Ward,1990-04-17,ADV039,2021-06-27,"97 High St, Sunderland, SR1 1AA",xssbfaw@example.com
C00021,Amelia Wright,2004-02-07,ADV032,2021-02-04,"143 Church St, Manchester, M1 2AA",sqgjeqz@example.com
C00022,Luca Ward,1973-04-27,ADV060,2022-04-19,"154 Main St, Sunderland, SR1 5AA",hbejxul@example.com
C00023,Hugo Walker,2009-08-21,ADV050,2023-04-21,"82 North Rd, Newcastle, SR1 9AA",cceumzx@example.com
C00024,Amelia Scott,1950-07-27,ADV031,2023-07-31,"101 Station Rd, Manchester, NE1 6AA",umvdcon@example.com
C00025,Isla Turner,1959-06-29,ADV015,2023-10-10,"61 Station Rd, Newcastle, SR1 5AA",fgaxsyz@example.com
C00026,Sophia Carter,2007-03-11,ADV045,2024-10-01,"91 High St, Glasgow, SR1 1AA",ltjvvda@example.com
C00027,Ella Bailey,2003-06-26,ADV044,2022-12-05,"67 North Rd, Manchester, SR1 2AA",fpjavum@example.com
C00028,Amelia Thompson,2013-09-02,ADV013,2020-03-26,"38 Church St, Sunderland, NE1 5AA",bxnbiqx@example.com
C00029,Max Young,2005-08-14,ADV017,2023-12-08,"151 North Rd, Manchester, SR1 8AA",mqfgxjc@example.com
C00030,George Bailey,1981-05-16,ADV050,2022-11-17,"83 Church St, Leeds, M1 2AA",pdflpqs@example.com
C00031,Jordan Smith,1969-07-11,ADV059,2023-03-03,"96 Main St, Manchester, NE1 8AA",lbsbmkr@example.com
C00032,Harry Young,1953-05-12,ADV027,2020-07-17,"62 Station Rd, Sunderland, M1 4AA",sgqrmdx@example.com
C00033,Grace Thompson,1983-01-29,ADV033,2024-02-16,"10 Station Rd, Newcastle, SR1 6AA",pbgzfku@example.com
C00034,George Robinson,1980-07-03,ADV044,2023-08-07,"192 Station Rd, Manchester, SR1 7AA",vqtaczu@example.com
C00035,George Harris,1962-09-07,ADV034,2025-08-25,"6 High St, Manchester, LS1 6AA",abgyfry@example.com
C00036,Jamie White,1953-12-18,ADV009,2025-05-04,"60 Main St, Sunderland, LS1 3AA",qxgdatc@example.com
C00037,Sam White,1968-04-19,ADV053,2023-03-24,"85 Station Rd, Sunderland, NE1 8AA",zseuenc@example.com
C00038,Oscar Thompson,1972-11-14,ADV031,2020-05-06,"142 Station Rd, Manchester, NE1 5AA",uxxawov@example.com
C00039,Charlie Thompson,1953-06-06,ADV034,2024-08-18,"108 Main St, Newcastle, NE1 1AA",nqpucbo@example.com
C00040,Oscar Scott,2003-10-11,ADV016,2020-05-07,"70 North Rd, Leeds, LS1 3AA",hkatavv@example.com
C00041,Alex Young,2015-09-10,ADV023,2024-11-22,"67 Main St, Sunderland, LS1 8AA",ldqflcz@example.com
C00042,George Turner,2008-06-18,ADV057,2025-10-25,"124 High St, Newcastle, G1 1AA",ojcswwc@example.com
C00043,Jamie Carter,1968-04-02,ADV054,2021-02-06,"162 Station Rd, Glasgow, M1 5AA",jhtdpzt@example.com
C00044,Chris Lewis,1951-01-08,ADV035,2023-11-21,"31 Church St, Newcastle, LS1 7AA",abcspnl@example.com
C00045,Isla Young,1979-05-12,ADV013,2025-04-04,"67 Station Rd, Newcastle, SR1 7AA",kpqxtux@example.com
C00046,Olivia Clarke,1986-09-10,ADV005,2020-07-16,"75 Main St, Newcastle, SR1 5AA",vsarwlw@example.com
C00047,Charlie Williams,2010-11-09,ADV045,2022-06-06,"37 High St, Manchester, G1 6AA",eylsghj@example.com
C00048,Ella Robinson,1983-05-11,ADV056,2021-01-07,"131 Station Rd, Manchester, SR1 9AA",iclzryt@example.com
C00049,Ella Bailey,1966-08-11,ADV021,2023-03-22,"74 Station Rd, Leeds, M1 1AA",vzthgka@example.com
C00050,Jamie Bailey,2005-09-18,ADV044,2021-11-28,"105 Station Rd, Leeds, G1 3AA",gxxiuux@example.com
C00051,Ava Wilson,1978-01-04,ADV050,2024-11-21,"36 Station Rd, Glasgow, NE1 3AA",uncviqj@example.com
C00052,Riley Smith,1956-12-28,ADV019,2020-01-06,"51 North Rd, Sunderland, SR1 8AA",nzenqny@example.com
C00053,Cameron Moore,1968-04-01,ADV057,2025-11-14,"195 Church St, Newcastle, NE1 3AA",kxrzcfh@example.com
C00054,Jacob Turner,1952-10-28,ADV022,2022-04-07,"157 Station Rd, Glasgow, LS1 4AA",xagszel@example.com
C00055,Cameron Scott,1994-06-19,ADV051,2023-03-27,"3 High St, Glasgow, M1 1AA",rrttgga@example.com
C00056,Oscar Bell,1999-03-03,ADV058,2020-08-09,"133 Church St, Leeds, LS1 8AA",rfgzqpr@example.com
C00057,George Taylor,1993-05-18,ADV023,2020-01-18,"24 High St, Manchester, M1 3AA",pshbbaj@example.com
C00058,Erin Wright,1955-09-05,ADV019,2023-11-25,"171 Church St, Newcastle, NE1 6AA",dcmzrhu@example.com
C00059,Riley Smith,1986-08-14,ADV006,2025-07-03,"10 Station Rd, Leeds, G1 1AA",echkrls@example.com
C00060,Alex Turner,1959-02-05,ADV040,2021-01-26,"92 North Rd, Manchester, G1 2AA",cyivavf@example.com
C00061,Sam King,1985-06-19,ADV056,2025-07-06,"31 Church St, Newcastle, LS1 7AA",wurhaex@example.com
C00062,Riley Clarke,2009-07-28,ADV006,2022-01-25,"148 High St, Leeds, SR1 8AA",erpredc@example.com
C00063,Isla Carter,1999-05-10,ADV006,2025-07-18,"115 North Rd, Sunderland, G1 9AA",zjqofba@example.com
C00064,Freya Smith,1963-11-13,ADV007,2023-11-23,"35 High St, Newcastle, SR1 4AA",wdzjsdu@example.com
C00065,Grace Thompson,2007-05-06,ADV032,2025-10-11,"159 Station Rd, Newcastle, SR1 5AA",gjncguh@example.com
C00066,Jack King,1997-11-28,ADV030,2022-12-03,"65 North Rd, Sunderland, SR1 2AA",jtfffjj@example.com
C00067,Sophia Ward,1958-03-06,ADV017,2021-10-12,"179 Station Rd, Leeds, SR1 8AA",qmwbrvg@example.com
C00068,Arthur Walker,2008-08-03,ADV043,2023-03-08,"134 Station Rd, Manchester, SR1 6AA",aldlscd@example.com
C00069,Grace Wright,1964-09-07,ADV055,2022-05-29,"25 Station Rd, Sunderland, LS1 2AA",mefldbj@example.com
C00070,Evie Carter,1985-09-08,ADV047,2022-08-06,"120 Main St, Glasgow, G1 5AA",myobfto@example.com
C00071,Riley Jones,2012-05-22,ADV005,2025-08-03,"29 High St, Sunderland, M1 3AA",wzwcyng@example.com
C00072,George Robinson,1974-04-30,ADV047,2021-11-10,"139 North Rd, Newcastle, NE1 3AA",ewfcgyl@example.com
C00073,Arthur Carter,1986-10-06,ADV039,2021-03-26,"172 North Rd, Manchester, M1 3AA",tblifrj@example.com
C00074,Max Clarke,1975-06-02,ADV014,2020-11-27,"5 Main St, Manchester, G1 9AA",dzmeaqn@example.com
C00075,Hugo Taylor,2009-11-29,ADV003,2025-07-01,"10 Main St, Sunderland, LS1 6AA",amtngmp@example.com
C00076,Luca Taylor,1977-08-06,ADV013,2021-03-04,"103 Station Rd, Leeds, M1 6AA",qduytwj@example.com
C00077,Max King,1987-06-27,ADV055,2023-08-30,"103 North Rd, Sunderland, LS1 9AA",xefpxcf@example.com
C00078,Jordan Robinson,1954-08-10,ADV025,2023-12-27,"38 Church St, Newcastle, M1 1AA",aldetpy@example.com
C00079,Olivia Scott,1978-01-09,ADV028,2021-01-24,"94 High St, Glasgow, NE1 2AA",kraygmn@example.com
C00080,Alex Ward,2000-10-28,ADV060,2024-07-01,"84 Main St, Newcastle, G1 1AA",ymzqfvf@example.com
C00081,Cameron Wilson,1982-01-17,ADV056,2024-06-04,"58 Station Rd, Manchester, M1 8AA",zlfyiki@example.com
C00082,Cameron Young,1987-02-24,ADV017,2020-12-18,"163 High St, Sunderland, SR1 5AA",rajevap@example.com
C00083,Chris Wright,1987-05-13,ADV047,2024-09-25,"174 North Rd, Leeds, G1 1AA",glosdgd@example.com
C00084,Morgan Walker,1951-08-20,ADV006,2020-04-13,"160 High St, Leeds, SR1 9AA",yddnpxb@example.com
C00085,Max King,1982-08-21,ADV041,2024-03-03,"4 Main St, Newcastle, SR1 5AA",geplkxr@example.com
C00086,Erin Young,2007-10-27,ADV030,2022-04-24,"29 Church St, Leeds, NE1 2AA",wygykbx@example.com
C00087,Sam Wright,1967-09-10,ADV010,2023-05-26,"16 North Rd, Glasgow, LS1 2AA",cahhzwk@example.com
C00088,Morgan White,1985-01-20,ADV045,2022-12-14,"120 North Rd, Glasgow, NE1 8AA",nwuqndg@example.com
C00089,Isla Hall,2015-04-26,ADV056,2024-10-19,"32 North Rd, Newcastle, LS1 7AA",rpuxzfb@example.com
C00090,Taylor Ward,1986-05-02,ADV040,2025-08-14,"148 Church St, Leeds, NE1 2AA",xoerggj@example.com
C00091,Sam King,1968-04-09,ADV015,2021-12-01,"190 North Rd, Leeds, M1 4AA",nrbtqmr@example.com
C00092,Leo Wright,1950-07-12,ADV007,2024-04-02,"167 Main St, Newcastle, G1 6AA",uamrsqe@example.com
C00093,Jordan Ward,1988-12-13,ADV003,2022-08-14,"118 North Rd, Leeds, G1 8AA",yuglyfk@example.com
C00094,Casey Robinson,1964-01-18,ADV038,2025-03-02,"121 Church St, Sunderland, NE1 6AA",zxgtjrt@example.com
C00095,Noah Scott,1988-01-07,ADV023,2021-06-03,"57 Station Rd, Glasgow, G1 7AA",dffgadk@example.com
C00096,Hugo Scott,1960-03-09,ADV050,2025-12-17,"150 Main St, Sunderland, LS1 3AA",kcpypjs@example.com
C00097,Hugo Thompson,1958-02-13,ADV047,2020-05-18,"62 Church St, Glasgow, LS1 8AA",lemarej@example.com
C00098,Harry Robinson,1986-06-11,ADV010,2023-11-28,"70 Church St, Newcastle, LS1 1AA",ztvqqsz@example.com
C00099,Hugo Wright,2001-11-02,ADV036,2023-08-31,"198 High St, Newcastle, G1 2AA",fthgvpw@example.com
C00100,Oscar King,1982-09-21,ADV016,2025-11-07,"156 Church St, Manchester, SR1 9AA",wpfansh@example.com
C00101,Sophia Cook,1991-05-08,ADV021,2021-09-28,"100 Main St, Leeds, SR1 9AA",baesafg@example.com
C00102,Max Hall,1964-08-01,ADV033,2025-01-18,"58 Station Rd, Manchester, LS1 6AA",szacyzd@example.com
C00103,Erin Thompson,1961-08-30,ADV036,2023-08-17,"36 Station Rd, Glasgow, G1 5AA",inikmgb@example.com
C00104,Leo Taylor,1951-05-02,ADV022,2021-11-25,"133 High St, Manchester, LS1 3AA",cecqsgu@example.com
C00105,Evie Brown,1954-08-21,ADV007,2025-03-12,"106 High St, Sunderland, M1 9AA",simeyob@example.com
C00106,Ella Robinson,1999-06-26,ADV021,2024-12-02,"150 High St, Manchester, M1 3AA",esksfuu@example.com
C00107,Noah Williams,1962-10-14,ADV001,2022-11-19,"107 Church St, Glasgow, G1 2AA",cpesuug@example.com
C00108,Sophia Clarke,2007-06-24,ADV021,2022-08-04,"98 Main St, Manchester, LS1 6AA",crodfpc@example.com
C00109,Casey Thompson,1985-08-04,ADV034,2021-05-31,"75 Church St, Manchester, G1 9AA",qgglnsa@example.com
C00110,Oliver Turner,1957-12-27,ADV022,2023-09-30,"153 Main St, Leeds, SR1 8AA",sfhqrpx@example.com
C00111,Chris Ward,2001-05-24,ADV003,2025-03-07,"98 Main St, Leeds, NE1 9AA",firgefu@example.com
C00112,Cameron Cook,2005-10-27,ADV012,2022-09-01,"78 Station Rd, Manchester, G1 7AA",vsyuiis@example.com
C00113,Mia Taylor,1983-04-09,ADV048,2025-09-10,"149 Station Rd, Sunderland, LS1 6AA",bpcbndy@example.com
C00114,Grace Taylor,1995-04-05,ADV012,2022-02-23,"156 Station Rd, Leeds, NE1 7AA",wmfdnnj@example.com
C00115,Jacob White,1965-05-27,ADV037,2022-12-31,"3 High St, Sunderland, LS1 8AA",snucbkm@example.com
C00116,Sam Lewis,1963-02-02,ADV009,2023-05-19,"77 North Rd, Leeds, G1 7AA",grfimsu@example.com
C00117,Thea Wilson,1981-03-20,ADV046,2021-09-25,"133 North Rd, Manchester, M1 8AA",jlyyqcl@example.com
C00118,Amelia Wilson,1975-06-02,ADV044,2021-09-30,"92 High St, Glasgow, LS1 8AA",qhazxdm@example.com
C00119,Rosie King,1964-07-08,ADV008,2022-10-11,"3 High St, Glasgow, NE1 2AA",qhbtulc@example.com
C00120,Ella Walker,1996-10-03,ADV054,2023-08-30,"105 Church St, Glasgow, M1 9AA",kczbhtd@example.com
C00121,Evie Thompson,1965-05-31,ADV008,2025-11-08,"147 Station Rd, Newcastle, M1 8AA",cbenvee@example.com
C00122,George Walker,1956-01-08,ADV022,2023-11-28,"103 Main St, Glasgow, G1 6AA",tlidgzd@example.com
C00123,Jamie Bailey,1959-10-05,ADV020,2021-10-21,"178 North Rd, Sunderland, NE1 6AA",gtxxmyp@example.com
C00124,Mia Smith,1984-06-05,ADV040,2022-08-25,"82 Church St, Sunderland, LS1 9AA",hmstdfy@example.com
C00125,Charlie Wright,1994-01-03,ADV023,2023-09-05,"45 High St, Leeds, LS1 9AA",cviggmz@example.com
C00126,Jacob Robinson,1967-09-15,ADV046,2022-02-14,"108 Station Rd, Glasgow, LS1 9AA",dwietie@example.com
C00127,Jordan Lewis,1977-01-22,ADV051,2022-11-25,"54 North Rd, Newcastle, M1 3AA",kvwoatp@example.com
C00128,Charlie King,1961-05-13,ADV036,2021-02-20,"16 North Rd, Glasgow, SR1 6AA",xyiwvgj@example.com
C00129,Jack King,1953-11-26,ADV018,2021-11-05,"146 High St, Manchester, SR1 1AA",jjjcfxk@example.com
C00130,Casey Brown,1993-04-23,ADV034,2021-02-20,"79 North Rd, Sunderland, LS1 7AA",qxtgxuz@example.com
C00131,Amelia Brown,1978-03-21,ADV009,2022-03-11,"26 North Rd, Sunderland, SR1 4AA",stvgrjv@example.com
C00132,Jamie Hall,1954-10-15,ADV053,2024-04-22,"45 Main St, Glasgow, G1 5AA",doivivw@example.com
C00133,Harry Jones,2004-07-07,ADV016,2021-09-10,"166 North Rd, Glasgow, NE1 4AA",wdytrqb@example.com
C00134,Olivia Hall,2007-02-03,ADV011,2021-08-30,"106 North Rd, Sunderland, NE1 3AA",woliuuw@example.com
C00135,Riley Carter,1984-10-19,ADV019,2023-05-22,"133 North Rd, Sunderland, SR1 2AA",figciau@example.com
C00136,Rosie Bell,1957-09-28,ADV028,2023-05-03,"20 Station Rd, Glasgow, M1 8AA",fbbtfmk@example.com
C00137,Grace Lewis,2013-11-26,ADV060,2024-11-16,"157 Main St, Sunderland, SR1 6AA",uyiqxmx@example.com
C00138,Cameron Wright,2005-08-27,ADV018,2023-01-26,"37 Station Rd, Leeds, LS1 3AA",tiwocpv@example.com
C00139,Hugo Moore,2011-09-29,ADV027,2022-03-14,"9 Church St, Sunderland, G1 2AA",nmkwrfj@example.com
C00140,Thea Cook,1964-05-18,ADV040,2021-03-23,"90 Station Rd, Manchester, G1 7AA",jysdxap@example.com
C00141,Noah Williams,2007-06-13,ADV001,2021-03-13,"6 High St, Newcastle, M1 1AA",lslcnvu@example.com
C00142,Harry Jones,1969-12-03,ADV009,2023-02-24,"113 High St, Glasgow, NE1 4AA",jftufwz@example.com
C00143,Olivia Clarke,2005-09-19,ADV014,2022-04-25,"58 High St, Newcastle, G1 3AA",ljsyfhi@example.com
C00144,Casey Hall,1986-04-16,ADV025,2024-05-09,"81 High St, Manchester, LS1 7AA",teonrdy@example.com
C00145,Jordan Parker,2005-02-24,ADV013,2025-03-15,"155 Church St, Manchester, SR1 4AA",zouexot@example.com
C00146,Jamie Turner,1967-08-06,ADV050,2020-05-18,"174 Main St, Glasgow, NE1 7AA",wjyfanx@example.com
C00147,Grace Williams,1992-06-06,ADV035,2020-02-21,"80 Main St, Manchester, SR1 4AA",xynyodq@example.com
C00148,Amelia Williams,1966-06-01,ADV004,2024-06-22,"23 Station Rd, Newcastle, LS1 7AA",ulpghkn@example.com
C00149,Grace Brown,2000-09-22,ADV033,2024-11-23,"48 High St, Leeds, M1 9AA",mcaistg@example.com
C00150,Jacob Smith,1969-07-27,ADV027,2022-06-30,"93 High St, Leeds, G1 7AA",gnepxfp@example.com
C00151,Charlie Wright,1953-09-28,ADV018,2025-08-11,"86 Main St, Sunderland, SR1 7AA",stsshvy@example.com
C00152,Evie Hall,1985-11-11,ADV012,2023-04-28,"90 North Rd, Newcastle, M1 4AA",bylcbur@example.com
C00153,Riley Jones,1996-06-18,ADV002,2025-03-12,"120 Church St, Leeds, NE1 7AA",dlqzitg@example.com
C00154,Max Cook,1964-01-15,ADV038,2020-03-31,"9 Church St, Sunderland, LS1 3AA",fekqhef@example.com
C00155,Sophia Brown,1984-05-31,ADV038,2021-08-03,"62 Station Rd, Sunderland, NE1 5AA",cfineml@example.com
C00156,Ava Hall,1982-03-24,ADV055,2022-11-19,"140 Station Rd, Glasgow, M1 8AA",zmymfpd@example.com
C00157,Morgan Wilson,1961-01-15,ADV049,2024-07-15,"62 Station Rd, Leeds, LS1 4AA",ebszkjl@example.com
C00158,Isla Green,1963-05-30,ADV010,2020-01-23,"185 Main St, Manchester, G1 4AA",jrkdwoa@example.com
C00159,Oliver King,1972-03-01,ADV028,2022-09-19,"77 Main St, Glasgow, NE1 4AA",wsjqxkl@example.com
C00160,Freya Green,2015-01-12,ADV020,2024-10-27,"116 Station Rd, Leeds, G1 8AA",hortydj@example.com
C00161,Leo King,1967-04-12,ADV044,2024-09-21,"151 Church St, Glasgow, NE1 7AA",wupriyo@example.com
C00162,Olivia Hall,1953-09-08,ADV051,2022-07-25,"156 North Rd, Newcastle, NE1 2AA",kedxuai@example.com
C00163,George Turner,2000-06-13,ADV021,2022-07-25,"174 North Rd, Sunderland, G1 5AA",mmjxjny@example.com
C00164,Jordan Hall,2010-04-24,ADV003,2022-01-13,"189 Main St, Sunderland, G1 3AA",qmikpug@example.com
C00165,Taylor Smith,1953-06-03,ADV048,2021-05-23,"80 High St, Manchester, SR1 3AA",jkjxohi@example.com
C00166,Jordan Bailey,2009-12-02,ADV009,2025-02-02,"199 Station Rd, Leeds, NE1 2AA",verafbu@example.com
C00167,Hugo Wright,1979-02-01,ADV059,2024-11-06,"18 North Rd, Leeds, G1 5AA",dfbgtsx@example.com
C00168,Isla King,1960-07-24,ADV021,2023-07-06,"50 High St, Leeds, SR1 4AA",yoxcylf@example.com
C00169,Oscar White,1984-12-22,ADV058,2022-11-30,"74 Station Rd, Manchester, LS1 6AA",twkcwtp@example.com
C00170,Leo Brown,2003-10-15,ADV049,2021-02-04,"104 Main St, Newcastle, LS1 3AA",zabdasq@example.com
C00171,Rosie Bell,1990-11-20,ADV011,2024-09-14,"8 Church St, Leeds, M1 1AA",ceeprzj@example.com
C00172,Thea Wright,1999-05-08,ADV033,2022-09-19,"169 Main St, Newcastle, M1 6AA",zlkggzz@example.com
C00173,Ella King,2006-04-03,ADV059,2024-06-26,"161 High St, Newcastle, LS1 2AA",seedjtb@example.com
C00174,Oliver Cook,1977-06-22,ADV046,2021-10-02,"70 North Rd, Newcastle, SR1 7AA",nraluol@example.com
C00175,Freya White,2008-03-24,ADV003,2022-10-21,"11 North Rd, Newcastle, M1 4AA",wpikywx@example.com
C00176,Charlie Thompson,1987-09-08,ADV023,2024-09-30,"194 Church St, Newcastle, M1 1AA",odejrau@example.com
C00177,Riley Lewis,1977-08-26,ADV004,2025-05-31,"142 Church St, Newcastle, G1 4AA",unaukro@example.com
C00178,George Jones,2002-04-09,ADV042,2025-02-07,"146 Main St, Glasgow, LS1 7AA",skyyypi@example.com
C00179,Riley Smith,1972-05-12,ADV029,2020-03-21,"172 North Rd, Leeds, SR1 2AA",jgxuuvz@example.com
C00180,Casey Parker,1988-03-12,ADV054,2024-08-03,"196 Church St, Sunderland, G1 1AA",ritgpew@example.com
C00181,Grace Clarke,1984-12-01,ADV016,2025-10-23,"63 High St, Sunderland, LS1 4AA",mhxcytd@example.com
C00182,Ava Jones,2009-02-08,ADV053,2022-01-19,"199 Church St, Sunderland, M1 7AA",toxplyc@example.com
C00183,Jamie Bell,1982-12-19,,2023-09-05,"192 North Rd, Newcastle, LS1 9AA",uchcwls@example.com
C00184,Poppy King,1990-01-31,ADV039,2020-02-13,"24 Church St, Manchester, M1 6AA",gsqcmsf@example.com
C00185,Jack Scott,1995-03-07,ADV010,2024-05-11,"178 North Rd, Manchester, G1 1AA",rhjxyzl@example.com
C00186,Sophia Cook,1989-04-29,ADV042,2025-06-29,"174 Station Rd, Manchester, G1 3AA",ovtlwky@example.com
C00187,Jack Jones,1966-01-14,ADV042,2021-03-11,"126 Station Rd, Sunderland, G1 5AA",mdtdrbz@example.com
C00188,Jacob Wilson,1952-02-05,ADV037,2020-06-05,"45 North Rd, Newcastle, NE1 9AA",otdqjgv@example.com
C00189,Ava Hall,1950-04-25,ADV041,2022-10-26,"67 Station Rd, Sunderland, NE1 6AA",amcwxam@example.com
C00190,Leo Smith,2005-07-10,ADV013,2022-06-11,"89 Main St, Sunderland, NE1 5AA",mssiyed@example.com
C00191,Grace Harris,1993-11-30,ADV035,2021-10-20,"36 Station Rd, Manchester, M1 4AA",vdeniey@example.com
C00192,Charlie Wright,1991-09-29,ADV037,2022-03-29,"181 Station Rd, Sunderland, G1 8AA",mugxfxp@example.com
C00193,Noah White,1971-02-08,ADV023,2025-10-27,"35 Church St, Leeds, NE1 3AA",zuqnwlc@example.com
C00194,Taylor Green,1990-02-01,ADV006,2023-11-27,"151 North Rd, Newcastle, LS1 2AA",xurtgmv@example.com
C00195,Freya Harris,2005-06-30,ADV060,2021-02-18,"141 Main St, Newcastle, NE1 8AA",zyeroke@example.com
C00196,Olivia Smith,1991-02-12,ADV016,2025-02-13,"197 Main St, Newcastle, SR1 5AA",dmmgjot@example.com
C00197,Charlie Lewis,1966-02-10,ADV004,2022-04-19,"4 Church St, Manchester, NE1 1AA",pexjyzd@example.com
C00198,Jamie Young,1992-06-15,ADV038,2025-05-02,"16 Church St, Leeds, NE1 2AA",pzkoiaf@example.com
C00199,Harry King,1985-12-01,ADV051,2025-09-28,"180 Church St, Manchester, SR1 3AA",dhqoyrj@example.com
C00200,Isla White,1959-08-10,ADV023,2020-03-06,"84 Main St, Manchester, G1 6AA",yqowrjp@example.com
C00201,Hugo Ward,1956-01-09,ADV047,2024-02-24,"75 Station Rd, Glasgow, SR1 1AA",hzgzbao@example.com
C00202,Alex Williams,1961-07-11,ADV015,2025-11-06,"3 Main St, Manchester, SR1 6AA",fndvrry@example.com
C00203,Grace Carter,1982-03-03,ADV037,2023-11-05,"190 North Rd, Leeds, SR1 8AA",zrsablz@example.com
C00204,Jamie Taylor,1988-08-18,ADV020,2024-08-07,"112 Main St, Newcastle, G1 6AA",ioakxpv@example.com
C00205,Ella Moore,1982-10-11,ADV051,2025-02-14,"3 Church St, Sunderland, LS1 5AA",afevcyg@example.com
C00206,Taylor Lewis,1958-03-25,ADV045,2022-05-10,"168 Station Rd, Sunderland, NE1 1AA",wnizksb@example.com
C00207,Jordan Green,1989-08-26,ADV038,2022-01-22,"7 Main St, Newcastle, LS1 6AA",vzcthdj@example.com
C00208,Oliver Parker,1995-04-01,ADV058,2024-05-26,"48 North Rd, Newcastle, SR1 5AA",ryzzqqe@example.com
C00209,Amelia Williams,1995-10-08,ADV047,2025-10-05,"191 North Rd, Leeds, M1 3AA",sojxgde@example.com
C00210,Arthur King,2008-12-13,ADV024,2021-05-16,"166 Church St, Leeds, NE1 6AA",dpuenoo@example.com
C00211,Cameron Bell,1953-08-28,ADV006,2023-12-27,"35 North Rd, Leeds, LS1 4AA",koabkgt@example.com
C00212,Poppy Ward,1953-08-25,ADV025,2020-08-19,"15 High St, Sunderland, G1 7AA",gvgcmki@example.com
C00213,Noah Bailey,2007-02-05,ADV012,2022-10-31,"13 Station Rd, Manchester, M1 8AA",tfrvlny@example.com
C00214,Thea Taylor,1961-09-08,ADV027,2023-01-28,"188 Station Rd, Leeds, G1 2AA",pebcicq@example.com
C00215,Jack Bailey,1957-05-18,ADV054,2024-04-13,"37 Station Rd, Newcastle, NE1 8AA",linygeh@example.com
C00216,Cameron Jones,1978-02-23,ADV035,2024-06-25,"164 Main St, Sunderland, SR1 8AA",ixslebd@example.com
C00217,Hugo Parker,2014-08-18,ADV017,2020-09-08,"123 Station Rd, Newcastle, LS1 1AA",wqeqbni@example.com
C00218,Rosie Bailey,1995-11-21,ADV042,2020-02-24,"9 North Rd, Glasgow, M1 3AA",ctsnerl@example.com
C00219,Hugo Taylor,1957-03-05,ADV020,2020-11-03,"73 High St, Sunderland, G1 7AA",rcxafkf@example.com
C00220,Max Ward,1954-11-14,ADV035,2024-09-10,"87 High St, Manchester, SR1 3AA",crzigrf@example.com
C00221,Hugo Moore,1995-03-18,ADV051,2024-09-18,"186 Station Rd, Manchester, LS1 1AA",krleboz@example.com
C00222,Jordan Carter,1983-11-25,ADV011,2023-12-13,"114 North Rd, Leeds, G1 4AA",xcnmfrm@example.com
C00223,Arthur Turner,2008-07-24,ADV005,2022-12-22,"121 High St, Glasgow, LS1 9AA",vhyvmdm@example.com
C00224,Amelia Williams,1962-03-21,ADV004,2021-03-23,"118 Main St, Glasgow, NE1 7AA",drspzbs@example.com
C00225,Jordan Jones,1952-04-27,,2022-07-08,"156 North Rd, Sunderland, SR1 6AA",ucibpsj@example.com
C00226,Riley Parker,1955-12-16,ADV041,2023-05-28,"156 Church St, Glasgow, G1 7AA",sjshzla@example.com
C00227,Mia Brown,2005-02-04,ADV008,2024-06-28,"95 Main St, Newcastle, LS1 6AA",cswqews@example.com
C00228,Poppy Carter,2015-09-05,ADV043,2025-11-28,"136 High St, Newcastle, NE1 8AA",cjrabjw@example.com
C00229,Leo Wright,2012-02-18,ADV059,2022-06-15,"177 High St, Newcastle, G1 6AA",zixuwpz@example.com
C00230,Morgan Parker,1959-10-31,ADV049,2024-05-24,"143 North Rd, Manchester, LS1 9AA",qyofnmi@example.com
C00231,Jordan Parker,1967-05-19,ADV003,2025-03-07,"62 North Rd, Manchester, M1 5AA",jnpfhnn@example.com
C00232,Luca Bell,1961-10-22,ADV040,2022-05-18,"30 Station Rd, Newcastle, NE1 9AA",krenhus@example.com
C00233,Sophia Young,1994-02-16,ADV057,2021-11-04,"192 High St, Newcastle, LS1 2AA",ungynjh@example.com
C00234,Grace Smith,1975-10-30,ADV011,2021-06-13,"49 North Rd, Leeds, M1 4AA",ksvmtfl@example.com
C00235,Jacob Turner,1964-10-24,ADV009,2020-10-09,"142 Main St, Newcastle, G1 2AA",jhjttfg@example.com
C00236,Casey Bailey,2011-07-23,ADV030,2022-03-02,"189 North Rd, Glasgow, G1 2AA",urrqshb@example.com
C00237,Hugo Wright,2014-09-10,ADV005,2025-04-05,"105 High St, Manchester, NE1 9AA",jaznrzu@example.com
C00238,Jamie Bell,1969-11-02,ADV001,2022-07-14,"141 North Rd, Sunderland, G1 2AA",ficutmj@example.com
C00239,Max Williams,1955-11-17,ADV053,2021-08-22,"118 Main St, Glasgow, NE1 4AA",hmsxwwl@example.com
C00240,Oscar Hall,1981-06-25,ADV050,2023-12-17,"145 Main St, Sunderland, NE1 6AA",kizeehx@example.com
C00241,Casey Hall,2004-10-07,ADV024,2024-08-19,"199 North Rd, Sunderland, M1 4AA",wiwxleu@example.com
C00242,Sophia Bailey,1972-08-17,ADV021,2025-04-01,"13 Church St, Sunderland, SR1 4AA",jdxlkpg@example.com
C00243,Freya White,1964-03-30,ADV030,2023-04-20,"118 Church St, Sunderland, NE1 7AA",akjajti@example.com
C00244,Jacob Young,1979-01-20,ADV058,2021-05-27,"23 North Rd, Newcastle, G1 2AA",rqearph@example.com
C00245,Poppy Williams,2005-01-16,ADV032,2025-04-06,"187 Church St, Newcastle, LS1 6AA",fwxgpoi@example.com
C00246,Oscar Bell,1974-09-02,ADV049,2023-12-24,"196 High St, Leeds, SR1 4AA",aiqpndf@example.com
C00247,Jack Ward,1990-12-12,ADV050,2022-08-01,"96 North Rd, Glasgow, LS1 8AA",ikjxdzg@example.com
C00248,Taylor Scott,1962-11-18,ADV049,2022-12-31,"12 North Rd, Leeds, SR1 6AA",wgpjauv@example.com
C00249,Isla Williams,1972-10-20,ADV043,2024-03-20,"141 Church St, Glasgow, SR1 1AA",gumzbjf@example.com
C00250,Cameron Walker,1995-01-21,ADV023,2022-11-04,"173 Station Rd, Leeds, LS1 4AA",quvokuc@example.com
C00251,Grace Parker,1993-01-27,ADV031,2024-10-11,"178 Main St, Sunderland, G1 8AA",gtlzcmf@example.com
C00252,Oliver Scott,1968-09-09,ADV051,2022-01-31,"30 High St, Manchester, SR1 2AA",accjlnh@example.com
C00253,Mason Taylor,2003-02-06,ADV001,2025-05-26,"67 Station Rd, Newcastle, G1 5AA",snzenmj@example.com
C00254,Alex Young,1973-08-01,ADV035,2020-01-12,"176 Main St, Newcastle, G1 5AA",wfwjipo@example.com
C00255,Morgan Young,2005-04-02,ADV021,2023-02-25,"138 Church St, Manchester, SR1 1AA",hcyjcrn@example.com
C00256,Harry Bell,1995-05-25,ADV016,2024-01-06,"88 Station Rd, Manchester, G1 8AA",iivikyj@example.com
C00257,Sam Cook,1971-04-20,ADV021,2022-09-30,"9 High St, Sunderland, NE1 7AA",kerrlkg@example.com
C00258,Freya Bell,1978-08-17,ADV018,2023-05-21,"122 Station Rd, Manchester, M1 4AA",ulvjtaf@example.com
C00259,Thea Green,1983-05-26,ADV011,2023-08-05,"157 North Rd, Sunderland, LS1 6AA",yrrmmfe@example.com
C00260,Max Green,1953-04-21,ADV001,2025-05-18,"136 Station Rd, Leeds, NE1 1AA",qsgqdpe@example.com
C00261,Jacob Robinson,1967-11-06,ADV001,2025-06-09,"55 Station Rd, Leeds, M1 6AA",niodmqd@example.com
C00262,Jacob Ward,1966-05-03,ADV035,2024-10-21,"148 Main St, Manchester, LS1 6AA",iroquof@example.com
C00263,Chris Wright,1986-03-13,ADV036,2020-12-15,"2 Church St, Glasgow, M1 6AA",lvotjlz@example.com
C00264,Isla Green,1964-06-19,ADV056,2024-01-24,"59 High St, Newcastle, M1 1AA",vqcpayz@example.com
C00265,Jamie Young,2007-02-10,ADV055,2021-09-17,"162 Station Rd, Newcastle, LS1 7AA",sgvevna@example.com
C00266,Jordan Green,1974-12-16,ADV029,2023-05-26,"70 High St, Glasgow, LS1 6AA",xlvrnwf@example.com
C00267,Jacob Williams,2010-12-23,ADV042,2024-04-26,"146 North Rd, Glasgow, G1 3AA",xiaibbq@example.com
C00268,Hugo Robinson,1979-05-31,ADV036,2020-08-21,"179 High St, Glasgow, SR1 4AA",dehhxxw@example.com
C00269,Harry Lewis,1983-10-23,ADV022,2020-12-15,"199 Main St, Glasgow, SR1 6AA",zluhyvt@example.com
C00270,Freya Thompson,1965-02-20,ADV039,2023-08-22,"73 Station Rd, Newcastle, SR1 5AA",fcyopwd@example.com
C00271,Casey Moore,1973-09-18,ADV046,2021-07-29,"196 Church St, Leeds, G1 4AA",smulfyh@example.com
C00272,Jamie Taylor,1960-04-28,ADV025,2025-12-13,"90 North Rd, Manchester, LS1 1AA",tvgskff@example.com
C00273,Max Hall,1997-08-12,ADV023,2023-11-14,"181 Church St, Leeds, M1 9AA",yjnnatt@example.com
C00274,Mia Taylor,1954-05-11,ADV024,2020-03-02,"95 Station Rd, Newcastle, LS1 3AA",wjfjtrk@example.com
C00275,Hugo Hall,2007-02-01,ADV029,2020-02-17,"35 Station Rd, Sunderland, M1 7AA",nexmnuf@example.com
C00276,Chris Cook,1982-04-12,ADV052,2022-05-09,"115 Main St, Glasgow, LS1 3AA",sjvchqm@example.com
C00277,Mia White,1990-08-24,ADV012,2020-10-21,"151 High St, Newcastle, LS1 5AA",jpflaug@example.com
C00278,Thea Young,1999-10-23,ADV057,2023-04-15,"65 North Rd, Glasgow, LS1 2AA",vopqduh@example.com
C00279,Ella Smith,1996-10-12,ADV012,2022-10-21,"49 North Rd, Sunderland, G1 3AA",wurvlry@example.com
C00280,Ava Smith,2002-01-14,ADV054,2021-02-19,"78 North Rd, Leeds, M1 6AA",eckndfw@example.com
C00281,Thea Bell,2011-10-16,ADV023,2021-08-07,"199 Main St, Sunderland, M1 6AA",kdepemn@example.com
C00282,Leo Lewis,1959-05-21,ADV029,2022-08-14,"45 Church St, Leeds, G1 1AA",lnvayfa@example.com
C00283,Oliver Bailey,1972-08-11,ADV037,2022-01-30,"195 Station Rd, Leeds, NE1 1AA",tonfuhs@example.com
C00284,Cameron Clarke,1998-01-22,ADV003,2025-01-25,"56 High St, Manchester, M1 4AA",foqjmbq@example.com
C00285,George Lewis,2006-07-02,ADV030,2023-11-20,"155 Church St, Glasgow, SR1 4AA",rdotcvw@example.com
C00286,Noah Brown,1985-05-15,ADV040,2021-09-17,"62 High St, Newcastle, G1 1AA",bgcgcmg@example.com
C00287,Charlie Smith,1983-04-30,ADV042,2022-05-04,"21 High St, Glasgow, LS1 3AA",hljuscf@example.com
C00288,Noah Ward,1973-10-02,ADV055,2024-07-06,"2 Station Rd, Leeds, G1 1AA",aicsuzf@example.com
C00289,Charlie Carter,1983-09-17,ADV043,2025-12-29,"164 Church St, Sunderland, NE1 6AA",atkykib@example.com
C00290,Ella Brown,1983-02-06,ADV059,2021-11-18,"84 High St, Manchester, M1 6AA",ynlltvm@example.com
C00291,Isla Cook,2001-10-18,ADV009,2021-01-05,"45 High St, Manchester, SR1 2AA",ekxkrol@example.com
C00292,Alex Bailey,1963-02-12,ADV039,2023-05-01,"161 North Rd, Leeds, M1 7AA",ogowcjw@example.com
C00293,Jack Hall,1982-04-27,ADV027,2022-03-19,"66 Main St, Sunderland, SR1 6AA",zaqqvmd@example.com
C00294,Mia Williams,1979-09-06,ADV018,2025-07-18,"145 Church St, Sunderland, M1 6AA",hssfqrr@example.com
C00295,Ella Lewis,1957-04-20,ADV017,2022-05-22,"41 High St, Sunderland, NE1 4AA",alipidr@example.com
C00296,Arthur Williams,1989-09-05,ADV008,2025-12-14,"37 North Rd, Sunderland, LS1 6AA",huhovdt@example.com
C00297,Mia Clarke,1970-08-22,ADV055,2020-11-18,"109 Church St, Glasgow, G1 9AA",byasjek@example.com
C00298,Harry Jones,1965-11-09,ADV057,2024-12-01,"40 North Rd, Glasgow, LS1 4AA",nkdnhzj@example.com
C00299,Harry Brown,2005-03-17,ADV054,2021-04-24,"190 North Rd, Leeds, M1 1AA",lfziqvk@example.com
C00300,Morgan Carter,1954-05-02,ADV005,2021-04-30,"199 Church St, Glasgow, M1 9AA",thcblwf@example.com
C00301,Jack Parker,1976-08-03,ADV047,2022-12-19,"72 Church St, Glasgow, G1 5AA",lthdnly@example.com
C00302,Cameron White,1996-04-20,ADV004,2024-09-12,"34 Church St, Sunderland, G1 8AA",xgokalx@example.com
C00303,Harry Clarke,1972-10-03,ADV049,2022-08-17,"26 Church St, Newcastle, NE1 7AA",hpsbych@example.com
C00304,Hugo Walker,1977-10-26,ADV024,2021-07-24,"194 High St, Sunderland, G1 3AA",sajdmad@example.com
C00305,Isla Ward,2007-05-08,ADV047,2025-04-22,"32 High St, Glasgow, G1 4AA",fccfndv@example.com
C00306,Mia Turner,2002-07-24,ADV029,2025-07-12,"143 Station Rd, Leeds, G1 6AA",kggvbtc@example.com
C00307,Rosie Smith,2009-07-18,ADV045,2020-08-27,"189 Station Rd, Newcastle, NE1 9AA",ykpwcbs@example.com
C00308,Ella Wright,1978-01-18,ADV037,2025-06-06,"8 Church St, Newcastle, M1 8AA",pshmelh@example.com
C00309,Erin Thompson,1950-02-28,ADV032,2025-03-28,"55 Church St, Manchester, M1 4AA",phhqcum@example.com
C00310,Jamie Jones,1953-01-12,ADV049,2021-08-14,"83 High St, Sunderland, SR1 2AA",fcnnsjk@example.com
C00311,Evie Robinson,1969-11-19,ADV041,2025-07-05,"166 Main St, Leeds, SR1 4AA",xhzxzyg@example.com
C00312,Riley Parker,1963-05-27,ADV059,2022-10-06,"145 Main St, Manchester, M1 4AA",vpfzqvo@example.com
C00313,Jack Young,1976-02-08,ADV022,2025-08-02,"8 Church St, Sunderland, LS1 7AA",cwegqfm@example.com
C00314,Morgan Wright,2005-04-08,ADV060,2021-11-05,"62 Station Rd, Leeds, NE1 6AA",scrcmqr@example.com
C00315,Riley Wilson,2006-02-16,ADV001,2020-01-28,"195 Main St, Leeds, LS1 8AA",beykljs@example.com
C00316,Oscar Clarke,1988-10-11,ADV029,2021-10-18,"56 North Rd, Newcastle, M1 5AA",tqkoney@example.com
C00317,Charlie Green,1987-06-22,ADV008,2023-08-06,"193 Station Rd, Leeds, LS1 2AA",zuzmvgt@example.com
C00318,Oliver Hall,1995-12-30,ADV044,2025-03-31,"85 High St, Manchester, NE1 3AA",syvwgum@example.com
C00319,Grace Lewis,1982-08-31,,2025-07-31,"82 North Rd, Glasgow, M1 4AA",ijuvvre@example.com
C00320,Sophia Green,1954-04-15,ADV006,2023-04-30,"149 High St, Newcastle, LS1 1AA",eofices@example.com
C00321,Oscar Wright,1961-11-05,ADV013,2025-03-22,"200 Main St, Newcastle, M1 3AA",fwiwhgk@example.com
C00322,Ella Brown,1993-10-25,ADV002,2024-03-15,"77 High St, Sunderland, NE1 1AA",aljawja@example.com
C00323,Ava Parker,1970-05-22,ADV022,2024-10-10,"35 Church St, Newcastle, G1 6AA",yfgacsp@example.com
C00324,Ava Williams,2004-12-14,ADV026,2024-09-11,"25 Station Rd, Manchester, M1 2AA",nghzjzx@example.com
C00325,Freya King,2008-08-05,ADV053,2020-11-04,"107 Church St, Manchester, LS1 1AA",dwasvso@example.com
C00326,Thea Wright,1954-02-02,,2022-01-09,"150 Station Rd, Newcastle, SR1 1AA",veogkes@example.com
C00327,Amelia Robinson,1952-01-01,ADV026,2024-01-16,"35 North Rd, Glasgow, NE1 7AA",ouqpxvo@example.com
C00328,Charlie Ward,1954-11-18,ADV055,2020-04-26,"179 High St, Sunderland, SR1 6AA",iyjcisy@example.com
C00329,Leo Clarke,1950-03-27,ADV059,2020-03-25,"17 High St, Sunderland, M1 3AA",qryulmt@example.com
C00330,Riley Wright,2000-11-17,ADV022,2020-07-06,"135 Main St, Sunderland, NE1 4AA",icqvgrx@example.com
C00331,Isla White,1981-11-05,ADV039,2023-09-15,"176 North Rd, Newcastle, G1 9AA",ddmiyzl@example.com
C00332,Jamie Wilson,1977-04-01,ADV044,2021-01-19,"29 North Rd, Leeds, M1 2AA",uqezebl@example.com
C00333,Charlie Wright,1959-07-18,ADV057,2025-09-22,"90 Station Rd, Newcastle, SR1 5AA",amkykwu@example.com
C00334,Jamie Walker,1996-12-05,ADV038,2025-06-06,"181 Station Rd, Sunderland, LS1 5AA",pghmkqn@example.com
C00335,Sophia Harris,1982-01-16,ADV026,2025-06-08,"18 High St, Newcastle, G1 1AA",ipzfiac@example.com
C00336,Grace Turner,1997-12-01,ADV005,2021-08-14,"105 North Rd, Leeds, LS1 1AA",bkvszvp@example.com
C00337,Mason Thompson,1970-02-13,ADV030,2020-05-18,"84 High St, Manchester, G1 5AA",pajgqbo@example.com
C00338,Jordan Bailey,1987-01-27,ADV023,2022-05-23,"141 Church St, Manchester, LS1 7AA",jmkctup@example.com
C00339,Evie Lewis,2002-05-11,ADV033,2024-08-29,"109 Church St, Glasgow, M1 7AA",dpwztbw@example.com
C00340,Evie Bailey,1977-01-07,ADV023,2021-06-03,"39 Main St, Manchester, M1 3AA",rhxvxgp@example.com
C00341,Max Thompson,2002-11-07,ADV035,2023-10-18,"163 High St, Newcastle, G1 9AA",jhtqioy@example.com
C00342,Poppy Hall,1961-12-30,ADV011,2021-01-21,"66 North Rd, Manchester, NE1 4AA",oxozalo@example.com
C00343,Charlie Ward,1968-04-26,ADV014,2024-02-08,"170 High St, Sunderland, G1 1AA",szqmqns@example.com
C00344,Morgan Young,1982-11-09,ADV036,2023-10-30,"184 High St, Manchester, G1 6AA",yaiwbua@example.com
C00345,Harry Moore,2005-12-22,ADV034,2025-04-27,"176 Main St, Glasgow, LS1 8AA",qugjfsn@example.com
C00346,Mia Taylor,1992-08-09,ADV039,2025-11-22,"148 High St, Manchester, M1 9AA",pipyuyg@example.com
C00347,Hugo King,1964-03-25,ADV040,2022-05-13,"88 North Rd, Glasgow, M1 4AA",nkiueou@example.com
C00348,Freya Williams,1962-02-02,ADV049,2023-03-09,"162 Main St, Leeds, SR1 7AA",yahmyev@example.com
C00349,Harry White,1951-04-08,ADV017,2024-11-17,"135 Church St, Glasgow, LS1 2AA",koybied@example.com
C00350,Poppy Lewis,1971-11-08,ADV005,2023-11-01,"161 North Rd, Newcastle, G1 5AA",hspdund@example.com
C00351,Leo Clarke,2013-06-21,ADV024,2024-09-26,"68 Main St, Leeds, G1 8AA",vvfyvfa@example.com
C00352,Oliver Carter,1963-05-25,ADV001,2022-10-27,"147 Station Rd, Newcastle, SR1 9AA",wvctuqv@example.com
C00353,Jordan Taylor,1990-06-13,ADV019,2020-08-03,"94 North Rd, Newcastle, G1 3AA",zivxirr@example.com
C00354,Taylor Clarke,1958-08-06,ADV010,2023-03-30,"94 Station Rd, Newcastle, NE1 8AA",wohgodw@example.com
C00355,Oscar Moore,1955-09-18,ADV007,2023-04-14,"46 High St, Leeds, M1 6AA",xgsrdut@example.com
C00356,Thea Smith,2007-04-04,ADV018,2023-12-25,"110 High St, Manchester, NE1 5AA",hchumve@example.com
C00357,Casey Lewis,1962-12-25,ADV003,2025-07-15,"97 High St, Leeds, LS1 9AA",cjwebtc@example.com
C00358,Max Robinson,2009-09-14,ADV015,2024-07-11,"134 Church St, Manchester, SR1 5AA",rcgrwkl@example.com
C00359,Leo White,1974-03-15,,2023-09-28,"102 Church St, Manchester, SR1 8AA",aigusun@example.com
C00360,Sam White,1986-01-23,ADV003,2025-08-25,"163 Main St, Newcastle, G1 3AA",sdkhhtf@example.com
C00361,Cameron Taylor,1973-09-15,ADV032,2023-01-17,"2 Station Rd, Leeds, M1 9AA",ihwqmjx@example.com
C00362,Max Bell,1951-01-12,ADV009,2025-09-05,"170 Station Rd, Glasgow, LS1 9AA",ylowggc@example.com
C00363,Sam Carter,1955-01-14,ADV014,2023-11-13,"88 Main St, Leeds, SR1 9AA",ntelzmj@example.com
C00364,Jacob Williams,2007-11-11,ADV029,2022-04-13,"52 High St, Glasgow, LS1 1AA",vxjdqty@example.com
C00365,Erin Ward,2000-06-13,ADV042,2025-07-09,"152 Station Rd, Leeds, G1 5AA",rinhlmx@example.com
C00366,Taylor Smith,1981-06-06,ADV027,2021-04-28,"83 Church St, Newcastle, LS1 8AA",xymzdxq@example.com
C00367,Riley White,2003-05-10,ADV040,2023-09-17,"24 North Rd, Manchester, SR1 4AA",wkzawvj@example.com
C00368,Mason Jones,2007-12-03,ADV019,2022-02-26,"33 Main St, Leeds, G1 6AA",vftmkfu@example.com
C00369,Oliver Taylor,2001-11-24,ADV021,2023-07-22,"12 Main St, Manchester, LS1 1AA",tczfjko@example.com
C00370,Grace King,1989-10-23,ADV024,2023-05-10,"183 Church St, Manchester, M1 5AA",xyqjcbn@example.com
C00371,Rosie Cook,2003-12-31,ADV056,2021-06-06,"91 Station Rd, Manchester, G1 3AA",plzkjke@example.com
C00372,Chris Brown,1996-06-08,ADV029,2020-12-24,"159 Station Rd, Glasgow, LS1 2AA",ypolgim@example.com
C00373,Casey Green,1994-03-20,ADV029,2020-06-13,"171 Station Rd, Leeds, SR1 2AA",lzofbei@example.com
C00374,Max Moore,1972-04-17,ADV060,2024-06-21,"194 Main St, Manchester, M1 9AA",uxgulnn@example.com
C00375,Isla Lewis,1964-10-23,ADV058,2024-07-21,"107 Main St, Sunderland, SR1 8AA",bbrrjxv@example.com
C00376,Grace White,1950-01-14,ADV016,2020-07-22,"119 Main St, Manchester, M1 3AA",hborfbm@example.com
C00377,Alex Smith,1953-12-12,,2024-06-20,"17 Main St, Manchester, M1 3AA",atqhlge@example.com
C00378,Luca Green,1955-07-10,ADV034,2023-05-15,"132 High St, Newcastle, NE1 7AA",evlsjup@example.com
C00379,Jacob Hall,1997-09-08,ADV001,2021-03-20,"139 High St, Leeds, G1 6AA",rkoezrn@example.com
C00380,Noah Parker,1952-04-06,ADV002,2020-01-26,"197 Main St, Manchester, SR1 2AA",qcifval@example.com
C00381,Sophia Young,1986-06-04,ADV025,2020-07-09,"57 High St, Glasgow, SR1 2AA",wushgsh@example.com
C00382,Max White,1966-08-28,ADV040,2022-02-16,"128 High St, Newcastle, G1 8AA",sjtovzj@example.com
C00383,Erin White,1971-04-28,ADV059,2025-04-29,"15 Station Rd, Leeds, M1 1AA",zawaoku@example.com
C00384,Jordan Clarke,1964-04-14,ADV037,2020-09-03,"141 Main St, Glasgow, NE1 7AA",ifuotma@example.com
C00385,Oliver Jones,1955-03-28,ADV043,2025-08-13,"13 Station Rd, Leeds, LS1 4AA",ufmagrt@example.com
C00386,Jordan Thompson,1959-05-31,ADV048,2024-03-20,"133 High St, Newcastle, G1 5AA",qltrfnp@example.com
C00387,Thea Bell,1951-02-09,ADV023,2021-08-25,"134 Church St, Sunderland, LS1 7AA",sfiicjs@example.com
C00388,Evie Williams,2004-12-17,ADV044,2020-12-05,"66 Church St, Glasgow, M1 9AA",petdtdc@example.com
C00389,Grace White,1999-06-05,ADV002,2022-05-20,"108 High St, Leeds, LS1 4AA",gnhwyht@example.com
C00390,Rosie Harris,2008-12-04,ADV021,2020-06-10,"98 Main St, Glasgow, LS1 5AA",sogyyai@example.com
C00391,Amelia Young,1967-09-12,ADV009,2025-02-18,"52 Station Rd, Sunderland, NE1 9AA",iflxavi@example.com
C00392,Taylor Cook,1962-10-06,ADV024,2021-12-13,"167 Church St, Manchester, M1 3AA",axhfdjd@example.com
C00393,Charlie Cook,1987-01-26,ADV047,2021-02-19,"94 Church St, Newcastle, M1 9AA",egplhnu@example.com
C00394,Evie Harris,1967-11-25,ADV052,2022-01-12,"170 High St, Leeds, SR1 9AA",sixuomi@example.com
C00395,Ella Thompson,1996-06-30,ADV028,2020-05-31,"18 Main St, Glasgow, LS1 1AA",dxpcyxa@example.com
C00396,Alex Turner,2004-07-21,ADV036,2024-09-22,"71 Station Rd, Manchester, LS1 4AA",sgnvjmr@example.com
C00397,Jack Bailey,2007-08-29,ADV015,2021-02-16,"182 Station Rd, Glasgow, G1 8AA",fqlzesb@example.com
C00398,Hugo Williams,1995-06-25,ADV023,2020-02-24,"104 Main St, Newcastle, NE1 1AA",hddneuc@example.com
C00399,Freya Young,2008-02-06,ADV053,2024-02-19,"47 Main St, Sunderland, SR1 3AA",qwdftmy@example.com
C00400,Isla Green,2007-07-23,ADV026,2021-07-22,"19 North Rd, Manchester, NE1 1AA",ikyizxf@example.com
C00401,Isla White,1987-04-03,ADV054,2023-06-21,"185 North Rd, Newcastle, M1 4AA",oydwutp@example.com
C00402,Jacob White,2005-01-04,ADV056,2022-11-22,"173 Church St, Newcastle, G1 3AA",cycusir@example.com
C00403,Grace Ward,1965-09-01,ADV026,2023-05-22,"38 Station Rd, Glasgow, SR1 8AA",ktbyjum@example.com
C00404,Jack Brown,1995-08-18,ADV047,2022-01-26,"25 Station Rd, Sunderland, SR1 7AA",vhoamcw@example.com
C00405,Thea Scott,1977-10-03,ADV031,2024-09-23,"58 Church St, Manchester, M1 3AA",rlzyycs@example.com
C00406,Olivia White,1955-09-21,ADV043,2020-05-20,"15 Station Rd, Sunderland, NE1 8AA",spaylpv@example.com
C00407,Thea Clarke,1976-12-09,ADV013,2023-07-28,"76 Station Rd, Glasgow, LS1 9AA",hayhbdz@example.com
C00408,Morgan Scott,2006-02-27,ADV058,2020-03-24,"185 Station Rd, Leeds, LS1 6AA",tfdxrpd@example.com
C00409,Cameron Lewis,1954-05-08,ADV047,2024-10-30,"141 Station Rd, Newcastle, NE1 7AA",kyakbzc@example.com
C00410,Morgan Thompson,2014-12-25,ADV046,2020-08-11,"9 Church St, Manchester, NE1 5AA",yvtbsmm@example.com
C00411,Jordan Scott,1992-11-16,ADV024,2025-07-31,"58 North Rd, Sunderland, NE1 8AA",dnudwkg@example.com
C00412,Cameron Clarke,2014-03-08,ADV039,2025-11-08,"39 Station Rd, Manchester, LS1 7AA",glqoxnn@example.com
C00413,Morgan Cook,1998-04-21,ADV058,2020-06-10,"30 High St, Leeds, SR1 4AA",zfaiidk@example.com
C00414,Morgan Wilson,1950-07-28,ADV057,2021-05-01,"168 North Rd, Glasgow, SR1 5AA",axmwsst@example.com
C00415,Ella Robinson,1983-08-29,ADV060,2024-09-20,"126 Church St, Sunderland, M1 2AA",hsfopue@example.com
C00416,Noah Bailey,1989-03-05,ADV025,2024-07-15,"52 Main St, Leeds, LS1 9AA",ivuzdfc@example.com
C00417,Chris Williams,1991-09-28,ADV023,2025-01-02,"194 High St, Newcastle, NE1 8AA",stqunox@example.com
C00418,Ava Walker,1957-03-22,ADV028,2020-10-02,"70 Station Rd, Glasgow, LS1 1AA",qrpmtod@example.com
C00419,Isla Wilson,2008-10-23,ADV003,2020-02-27,"149 North Rd, Sunderland, SR1 6AA",lklojkl@example.com
C00420,Max Bailey,1990-08-06,ADV051,2024-05-04,"50 Station Rd, Leeds, SR1 3AA",jzcaskl@example.com
C00421,Jacob Jones,1965-09-26,ADV019,2021-09-28,"86 Church St, Manchester, M1 4AA",pjgawyh@example.com
C00422,Oliver Bell,1970-04-09,ADV044,2025-05-01,"85 Church St, Newcastle, SR1 5AA",mibxvgg@example.com
C00423,Poppy Carter,1959-06-12,ADV038,2024-08-16,"18 North Rd, Manchester, SR1 9AA",sumkguw@example.com
C00424,Mia Walker,1973-06-15,ADV018,2021-02-21,"29 Station Rd, Glasgow, M1 8AA",wcpzsld@example.com
C00425,Leo Wilson,1970-11-03,ADV053,2020-12-05,"10 High St, Sunderland, G1 2AA",btbvrmx@example.com
C00426,Sam Smith,2007-10-12,ADV018,2025-04-18,"106 Station Rd, Manchester, G1 6AA",yqcpkgy@example.com
C00427,Jamie Hall,1953-06-25,ADV005,2022-05-19,"20 Church St, Newcastle, LS1 3AA",sdfioil@example.com
C00428,Jamie Harris,1961-01-22,ADV026,2021-09-13,"170 High St, Leeds, SR1 8AA",vesiyyi@example.com
C00429,Evie Brown,1980-02-07,ADV030,2020-03-04,"78 Station Rd, Leeds, SR1 2AA",pckqqia@example.com
C00430,Erin Ward,2012-05-12,,2024-10-14,"62 High St, Newcastle, M1 5AA",doehqxn@example.com
C00431,Freya Lewis,1973-08-15,ADV038,2020-01-20,"138 North Rd, Sunderland, LS1 8AA",gphuegl@example.com
C00432,George Ward,2013-11-06,ADV032,2020-02-08,"63 Station Rd, Glasgow, G1 1AA",xefdfik@example.com
C00433,Oliver Carter,1954-09-18,ADV059,2021-05-13,"130 Church St, Leeds, NE1 5AA",tkmkuxl@example.com
C00434,Rosie Williams,1973-11-11,ADV004,2020-12-27,"104 North Rd, Newcastle, NE1 4AA",xgznrjh@example.com
C00435,Morgan Cook,2007-01-18,ADV031,2022-06-12,"187 North Rd, Glasgow, NE1 2AA",dxjslnf@example.com
C00436,Oscar Thompson,1999-09-07,ADV014,2021-05-12,"4 High St, Sunderland, M1 4AA",eiroasl@example.com
C00437,Mia Wright,2010-12-09,ADV006,2021-06-12,"177 Station Rd, Sunderland, NE1 3AA",bgfvoig@example.com
C00438,Leo Thompson,1989-02-13,ADV057,2025-04-18,"68 High St, Manchester, M1 9AA",hhjuusx@example.com
C00439,Noah Harris,2011-07-10,ADV040,2020-03-13,"29 Church St, Glasgow, SR1 2AA",rcbegnv@example.com
C00440,Oscar Smith,1996-12-10,ADV001,2023-02-02,"170 North Rd, Newcastle, NE1 4AA",plgztib@example.com
C00441,Evie White,1973-10-20,ADV043,2022-09-19,"153 North Rd, Sunderland, NE1 2AA",zgwdqjx@example.com
C00442,Ella Jones,1976-07-09,ADV045,2025-01-20,"154 Church St, Sunderland, SR1 4AA",hcfuzqr@example.com
C00443,Poppy Jones,2007-08-07,ADV057,2022-02-06,"159 Station Rd, Leeds, LS1 2AA",hhczbpj@example.com
C00444,Jacob Williams,1969-06-20,ADV016,2020-07-24,"195 Main St, Glasgow, NE1 1AA",elygeqr@example.com
C00445,Morgan Hall,1957-08-31,ADV054,2024-02-07,"82 Main St, Manchester, SR1 2AA",newcegn@example.com
C00446,Isla Bailey,1995-07-11,ADV037,2021-08-16,"63 Station Rd, Glasgow, NE1 3AA",mosxmbv@example.com
C00447,Casey Scott,1951-05-14,ADV045,2020-12-11,"89 Station Rd, Newcastle, NE1 4AA",aidpudh@example.com
C00448,Charlie Harris,1965-03-26,ADV014,2023-04-15,"176 Church St, Sunderland, SR1 8AA",wrcruke@example.com
C00449,Harry Walker,1973-05-11,ADV033,2025-08-02,"10 Main St, Glasgow, LS1 2AA",ridekdk@example.com
C00450,Taylor Hall,1971-03-08,ADV053,2025-03-01,"193 North Rd, Sunderland, NE1 1AA",ookuciy@example.com
C00451,Noah Hall,1968-03-11,ADV056,2022-11-06,"94 Main St, Sunderland, LS1 3AA",wxtnuod@example.com
C00452,Oliver Smith,1964-04-13,ADV059,2020-08-03,"127 Main St, Newcastle, LS1 5AA",gcwiknc@example.com
C00453,Casey Smith,1979-04-29,ADV033,2020-05-10,"14 Main St, Glasgow, NE1 7AA",suuwidt@example.com
C00454,Amelia Brown,1967-03-22,ADV055,2020-02-16,"99 North Rd, Leeds, G1 9AA",sjidvlv@example.com
C00455,Oscar Cook,1984-11-15,ADV012,2020-09-05,"168 High St, Sunderland, LS1 4AA",iintwjs@example.com
C00456,Jacob Ward,1979-06-24,ADV044,2020-03-01,"62 Station Rd, Glasgow, M1 9AA",kwtojhx@example.com
C00457,Poppy Turner,2003-12-10,ADV002,2020-11-22,"61 Main St, Glasgow, SR1 7AA",uhcfzbv@example.com
C00458,Grace Clarke,1971-06-17,ADV033,2024-05-12,"170 Main St, Leeds, M1 7AA",nookocx@example.com
C00459,Thea Taylor,1984-01-16,ADV040,2023-06-28,"23 Station Rd, Leeds, G1 7AA",cdrqusy@example.com
C00460,Thea Wilson,2006-08-01,ADV007,2023-07-03,"79 High St, Leeds, M1 1AA",bagudnu@example.com
C00461,Alex Turner,2012-02-28,ADV049,2021-11-10,"29 Main St, Manchester, M1 5AA",enxtkmh@example.com
C00462,Oliver Carter,2009-09-06,ADV004,2025-06-15,"118 Station Rd, Leeds, G1 4AA",yurhtmu@example.com
C00463,Cameron Scott,1998-02-13,ADV039,2020-09-01,"22 Church St, Manchester, M1 1AA",jwrloun@example.com
C00464,Sophia Walker,1992-02-14,ADV056,2023-07-19,"75 Church St, Sunderland, LS1 3AA",yaxsmwd@example.com
C00465,Noah Robinson,1992-05-11,ADV031,2024-02-14,"180 Main St, Manchester, G1 4AA",isvjzqb@example.com
C00466,Mia Turner,1997-08-09,ADV005,2024-12-02,"31 Station Rd, Sunderland, M1 3AA",dboiglc@example.com
C00467,Jamie King,2012-08-02,ADV028,2025-04-08,"100 Church St, Leeds, NE1 6AA",xvolipj@example.com
C00468,Isla Lewis,1950-07-29,ADV041,2021-11-12,"43 Station Rd, Leeds, G1 7AA",zysvbdi@example.com
C00469,Ava White,1952-05-18,ADV031,2021-08-16,"79 Main St, Leeds, G1 4AA",dkzvyff@example.com
C00470,Evie Williams,1989-03-23,,2021-04-23,"42 Main St, Glasgow, SR1 1AA",ahbnhro@example.com
C00471,Taylor Young,2015-01-04,,2024-01-27,"45 High St, Newcastle, M1 5AA",phtrsmm@example.com
C00472,Erin Wright,1970-12-24,ADV056,2021-11-02,"189 Church St, Sunderland, G1 9AA",hbmqeww@example.com
C00473,Noah Wilson,2001-03-02,ADV042,2024-09-07,"171 Main St, Newcastle, LS1 7AA",wvmehtz@example.com
C00474,Rosie Brown,1977-08-11,ADV055,2025-05-07,"20 North Rd, Glasgow, LS1 8AA",cajjpcv@example.com
C00475,Casey Hall,1969-01-06,ADV052,2024-04-28,"69 Church St, Leeds, LS1 7AA",ixihezp@example.com
C00476,Jamie Thompson,1985-02-16,ADV027,2025-01-28,"134 High St, Manchester, M1 6AA",vbotzyc@example.com
C00477,Sam Clarke,2005-11-10,ADV028,2023-01-19,"178 High St, Sunderland, SR1 9AA",jznygay@example.com
C00478,Thea Cook,2002-07-07,ADV026,2023-09-29,"97 Main St, Leeds, G1 3AA",gojpyyw@example.com
C00479,Leo Wilson,1956-12-24,ADV003,2023-04-12,"187 North Rd, Manchester, SR1 6AA",gvakygj@example.com
C00480,Amelia Taylor,2000-09-15,ADV022,2023-02-20,"124 Station Rd, Sunderland, LS1 3AA",pgsqcxb@example.com
C00481,Evie Robinson,1965-05-23,ADV045,2020-09-05,"49 North Rd, Glasgow, G1 1AA",sjdczul@example.com
C00482,Sophia Bailey,1962-12-22,ADV021,2023-09-22,"101 Station Rd, Glasgow, LS1 4AA",uzynhnz@example.com
C00483,Luca Ward,1952-12-14,ADV011,2020-03-04,"75 North Rd, Sunderland, M1 9AA",srvkowf@example.com
C00484,Chris Ward,1952-05-31,ADV050,2021-09-10,"105 High St, Manchester, M1 6AA",wanodxl@example.com
C00485,Jack Green,1960-01-15,ADV034,2023-06-18,"177 Church St, Leeds, NE1 8AA",ekplacs@example.com
C00486,Harry Moore,1959-07-28,ADV038,2024-10-21,"13 North Rd, Leeds, NE1 4AA",dguwwea@example.com
C00487,Harry Harris,2005-10-19,ADV045,2022-10-05,"133 High St, Newcastle, LS1 9AA",tpjalgp@example.com
C00488,Grace Bailey,1964-07-08,ADV050,2024-03-22,"44 Church St, Sunderland, G1 5AA",zfbscfl@example.com
C00489,Grace Thompson,1980-12-09,ADV019,2024-05-05,"99 Church St, Newcastle, LS1 5AA",ziimeks@example.com
C00490,Leo White,1962-09-22,ADV046,2024-03-20,"122 Station Rd, Glasgow, LS1 8AA",iuecqlx@example.com
C00491,Olivia White,2012-11-12,ADV018,2022-08-17,"104 High St, Leeds, LS1 7AA",ctrjdpt@example.com
C00492,Sophia Taylor,1952-07-30,ADV056,2025-01-22,"82 Main St, Manchester, LS1 2AA",mmrplem@example.com
C00493,Jack Moore,1952-10-08,ADV047,2023-03-06,"53 North Rd, Manchester, G1 7AA",oxzoifq@example.com
C00494,Isla Walker,1953-09-26,ADV018,2020-01-07,"164 Station Rd, Leeds, SR1 3AA",tgrzkyl@example.com
C00495,Casey Lewis,1962-06-02,ADV035,2023-08-09,"72 North Rd, Manchester, G1 7AA",qwfizbh@example.com
C00496,Grace White,2012-02-20,ADV009,2022-12-13,"193 High St, Leeds, M1 6AA",mtqyrab@example.com
C00497,Hugo King,2007-09-26,ADV055,2023-01-02,"184 Main St, Glasgow, LS1 2AA",alanqfw@example.com
C00498,Amelia Parker,2006-11-13,ADV014,2024-09-26,"67 Main St, Sunderland, SR1 9AA",kyjqogu@example.com
C00499,Sam Parker,1953-10-29,ADV048,2021-10-06,"179 North Rd, Leeds, LS1 6AA",agiwnah@example.com
C00500,Jacob Jones,2012-07-13,ADV006,2020-06-22,"68 Station Rd, Sunderland, G1 2AA",pvcuknk@example.com
C00309,Erin Thompson,1950-02-28,ADV032,2025-03-28,"55 Church St, Manchester, M1 4AA",phhqcum@example.com
C00014,Cameron Cook,2002-04-28,ADV043,2020-05-18,"21 Station Rd, Leeds, G1 1AA",uanlbqs@example.com
C00415,Ella Robinson,1983-08-29,ADV060,2024-09-20,"126 Church St, Sunderland, M1 2AA",hsfopue@example.com
C00033,Grace Thompson,1983-01-29,ADV033,2024-02-16,"10 Station Rd, Newcastle, SR1 6AA",pbgzfku@example.com
C00461,Alex Turner,2012-02-28,ADV049,2021-11-10,"29 Main St, Manchester, M1 5AA",enxtkmh@example.com
